Video_ID,before_families,after_families,lost
V0001,Play,Play,
V0006,Play,,Play
V0012,"Cactus, Maze, Play","Maze, Play",Cactus
V0015,Play,,Play
V0017,Play,,Play
V0020,"Play, Qilin",Qilin,Play
V0024,Qilin,,Qilin
V0025,Play,,Play
V0027,Play,,Play
V0029,"Play, Qilin",,"Play, Qilin"
V0030,Qilin,,Qilin
V0031,Play,Play,
V0035,Play,,Play
V0036,Play,Play,
V0037,Play,,Play
V0038,Play,,Play
V0039,Play,,Play
V0040,Play,,Play
V0041,Play,,Play
V0044,Play,,Play
V0047,"Play, Royal",Play,Royal
V0048,Play,,Play
V0051,Play,,Play
V0052,Play,,Play
V0053,Play,,Play
V0054,Play,,Play
V0055,"Play, Qilin",,"Play, Qilin"
V0056,Qilin,,Qilin
V0057,Qilin,,Qilin
V0058,Play,,Play
V0059,Play,,Play
V0060,"Play, Qilin",,"Play, Qilin"
V0061,Play,Play,
V0062,"Hive, INC, Play","Hive, INC, Play",
V0063,"Play, Qilin",Play,Qilin
V0064,"Hive, Qilin, Royal",Royal,"Hive, Qilin"
V0065,"Play, Royal","Play, Royal",
V0068,"Play, Royal",Royal,Play
V0074,Play,,Play
V0075,Play,,Play
V0076,Play,,Play
V0077,Qilin,,Qilin
V0078,Play,,Play
V0081,Play,,Play
V0083,Qilin,,Qilin
V0085,"Hive, Play, Qilin",,"Hive, Play, Qilin"
V0086,"Play, Qilin",,"Play, Qilin"
V0088,Play,,Play
V0089,Play,,Play
V0090,Play,Play,
V0092,Play,,Play
V0093,Play,Play,
V0094,Play,,Play
V0095,"Hive, Play","Hive, Play",
V0096,Play,,Play
V0097,Play,Play,
V0098,Play,Play,
V0099,Play,Play,
V0100,Play,,Play
V0101,"Play, Royal",Royal,Play
V0103,"Play, Royal","Play, Royal",
V0104,Hive,,Hive
V0107,Play,,Play
V0115,Play,Play,
V0117,Play,,Play
V0118,INC,INC,
V0120,Play,,Play
V0121,Play,,Play
V0124,Play,,Play
V0126,Play,,Play
V0128,"Play, Qilin",,"Play, Qilin"
V0130,Play,Play,
V0135,Play,Play,
V0136,Qilin,,Qilin
V0137,Qilin,Qilin,
V0138,Play,,Play
V0139,"Play, Qilin",,"Play, Qilin"
V0140,Play,,Play
V0141,Play,,Play
V0142,Play,,Play
V0143,Play,,Play
V0146,Play,,Play
V0147,"Play, Qilin",,"Play, Qilin"
V0148,Play,,Play
V0149,Qilin,,Qilin
V0152,Qilin,,Qilin
V0153,Play,,Play
V0157,"Play, Qilin",,"Play, Qilin"
V0159,Play,,Play
V0160,"Play, Qilin",Qilin,Play
V0161,Play,,Play
V0162,Play,,Play
V0174,Play,,Play
V0178,Play,,Play
V0181,Play,Play,
V0183,Qilin,,Qilin
V0184,Play,,Play
V0185,Play,,Play
V0186,Play,,Play
V0190,Play,,Play
V0191,Play,,Play
V0192,Play,,Play
V0193,"Medusa, Play",Medusa,Play
V0196,Play,,Play
V0197,Play,Play,
V0198,Play,Play,
V0200,Play,Play,
V0201,Play,Play,
V0204,Play,Play,
V0205,Play,,Play
V0207,Play,Play,
V0209,Play,,Play
V0210,Play,Play,
V0211,"Play, Qilin",Play,Qilin
V0221,Play,,Play
V0223,Play,,Play
V0236,Play,Play,
V0240,Play,,Play
V0243,Play,,Play
V0244,Play,,Play
V0245,Play,,Play
V0246,Play,,Play
V0247,Play,Play,
V0248,Play,,Play
V0249,Play,,Play
V0252,Play,,Play
V0254,"Play, Royal",,"Play, Royal"
V0258,"Play, Royal",,"Play, Royal"
V0260,Play,,Play
V0261,Play,,Play
V0263,Play,,Play
V0264,Qilin,,Qilin
V0265,"Maze, Play",,"Maze, Play"
V0266,Qilin,,Qilin
V0267,Play,Play,
V0268,"Hive, Play",,"Hive, Play"
V0276,Play,,Play
V0281,Play,,Play
V0291,"INC, Play","INC, Play",
V0293,Play,Play,
V0297,Play,Play,
V0299,Play,,Play
V0302,Play,,Play
V0308,"Play, Qilin",,"Play, Qilin"
V0310,Play,Play,
V0313,Play,,Play
V0316,Play,,Play
V0321,Play,,Play
V0326,Play,,Play
V0328,Play,,Play
V0331,Play,Play,
V0332,"Play, Qilin",,"Play, Qilin"
V0335,Qilin,,Qilin
V0336,Qilin,,Qilin
V0337,Maze,,Maze
V0338,"INC, Play",Play,INC
V0340,Play,,Play
V0341,Qilin,Qilin,
V0345,"Play, Qilin",,"Play, Qilin"
V0348,Qilin,,Qilin
V0349,Play,,Play
V0350,"Play, Qilin",,"Play, Qilin"
V0352,Play,,Play
V0353,"Play, Qilin",,"Play, Qilin"
V0355,Play,,Play
V0361,Play,,Play
V0362,"Play, Qilin",,"Play, Qilin"
V0365,Play,,Play
V0366,"Play, Royal",Royal,Play
V0376,"INC, Play","INC, Play",
V0378,Hive,,Hive
V0379,"Play, Qilin",,"Play, Qilin"
V0380,Play,,Play
V0381,Play,,Play
V0382,Play,,Play
V0383,Play,,Play
V0395,Play,,Play
V0397,Play,,Play
V0398,Play,,Play
V0399,Play,,Play
V0401,Play,,Play
V0403,Play,,Play
V0404,Play,Play,
V0408,Play,,Play
V0410,Play,Play,
V0411,"Play, Qilin",,"Play, Qilin"
V0412,Play,,Play
V0414,Play,,Play
V0415,Cl0p,Cl0p,
V0416,"Play, Qilin",Play,Qilin
V0419,Play,Play,
V0420,Qilin,Qilin,
V0421,"Play, Qilin","Play, Qilin",
V0426,Play,,Play
V0428,Medusa,Medusa,
V0429,Play,,Play
V0440,Play,,Play
V0442,Play,,Play
V0445,Play,,Play
V0446,Play,Play,
V0447,Play,Play,
V0448,Qilin,Qilin,
V0449,Play,,Play
V0451,Play,Play,
V0452,Play,Play,
V0454,Play,,Play
V0457,Qilin,,Qilin
V0458,Play,Play,
V0459,"Play, Qilin",,"Play, Qilin"
V0460,Play,Play,
V0465,Play,Play,
V0467,Royal,,Royal
V0472,Royal,,Royal
V0473,"Hive, Play",Hive,Play
V0474,Play,,Play
V0476,Play,Play,
V0477,Qilin,Qilin,
V0478,Play,Play,
V0484,Qilin,,Qilin
V0488,Play,,Play
V0489,Play,,Play
V0490,"Cactus, Play, Royal","Cactus, Royal",Play
V0491,Play,,Play
V0492,Qilin,,Qilin
V0493,Play,,Play
V0494,Play,,Play
V0495,"Play, Qilin",,"Play, Qilin"
V0496,Play,,Play
V0497,Play,,Play
V0498,Play,,Play
V0499,Play,,Play
V0503,Play,,Play
V0505,Play,Play,
V0508,Hive,Hive,
V0510,Royal,Royal,
V0511,"Play, Royal",,"Play, Royal"
V0512,Play,,Play
V0515,Play,,Play
V0516,Play,,Play
V0518,"Play, Qilin",,"Play, Qilin"
V0519,Maze,Maze,
V0520,Play,,Play
V0524,Play,Play,
V0525,Play,,Play
V0527,Play,,Play
V0528,"Medusa, Qilin",Medusa,Qilin
V0529,Play,Play,
V0534,"Medusa, Play, Qilin, Royal","Medusa, Play, Qilin, Royal",
V0538,Play,Play,
V0547,Play,,Play
V0548,Hive,,Hive
V0549,"INC, Play",Play,INC
V0550,Royal,Royal,
V0552,Play,,Play
V0557,Play,Play,
V0558,Cl0p,Cl0p,
V0563,Royal,Royal,
V0565,Play,,Play
V0566,"Cl0p, Play","Cl0p, Play",
V0567,Medusa,Medusa,
V0571,Play,Play,
V0574,Play,,Play
V0575,Play,,Play
V0576,"Play, Qilin",,"Play, Qilin"
V0577,"Cl0p, Play",Cl0p,Play
V0584,Play,,Play
V0590,Play,Play,
V0591,Qilin,,Qilin
V0594,Hive,,Hive
V0599,Qilin,Qilin,
V0602,Play,,Play
V0603,Play,,Play
V0620,Play,,Play
V0625,Play,Play,
V0626,Play,,Play
V0632,"Play, Qilin",,"Play, Qilin"
V0633,Royal,Royal,
V0634,Royal,Royal,
V0638,Play,,Play
V0639,Play,Play,
V0640,"Cl0p, Play",Cl0p,Play
V0641,INC,INC,
V0643,Play,,Play
V0649,Play,,Play
V0650,Play,,Play
V0660,Play,Play,
V0661,Play,,Play
V0662,Play,,Play
V0663,Maze,Maze,
V0665,"Hive, Play, Royal","Hive, Play, Royal",
V0681,"Hive, Play, Royal","Hive, Play, Royal",
V0683,Play,,Play
V0685,Play,,Play
V0690,Play,Play,
V0691,Play,,Play
V0695,Play,,Play
V0696,"INC, Play","INC, Play",
V0697,Cl0p,Cl0p,
V0698,"Qilin, Royal",Royal,Qilin
V0700,"Play, Qilin","Play, Qilin",
V0706,"Play, Qilin",,"Play, Qilin"
V0709,Hive,,Hive
V0710,Play,Play,
V0711,Play,,Play
V0713,"Maze, Qilin",Qilin,Maze
V0714,"Play, Qilin",,"Play, Qilin"
V0716,Play,,Play
V0717,Play,Play,
V0718,Play,,Play
V0722,"Hive, Play, Qilin",,"Hive, Play, Qilin"
V0731,Hive,,Hive
V0740,Play,,Play
V0741,Play,,Play
V0742,Play,,Play
V0743,Qilin,,Qilin
V0744,Qilin,,Qilin
V0745,Play,Play,
V0749,Play,,Play
V0752,Play,Play,
V0753,"Play, Royal",,"Play, Royal"
V0755,Play,,Play
V0756,Play,,Play
V0757,Play,,Play
V0762,Play,Play,
V0763,Play,,Play
V0764,"Play, Qilin",,"Play, Qilin"
V0770,Play,,Play
V0773,Play,,Play
V0774,Play,,Play
V0777,Play,,Play
V0780,"Maze, Play","Maze, Play",
V0783,"Play, Qilin",Qilin,Play
V0785,Play,,Play
V0791,Play,Play,
V0793,"Maze, Play, Qilin",Play,"Maze, Qilin"
V0801,"Play, Qilin","Play, Qilin",
V0803,Play,,Play
V0805,Play,Play,
V0807,Play,Play,
V0808,Royal,,Royal
V0810,Play,,Play
V0811,Qilin,Qilin,
V0812,Hive,Hive,
V0827,Play,,Play
V0828,"Play, Royal","Play, Royal",
V0829,"Play, Qilin",Play,Qilin
V0831,"Play, Qilin","Play, Qilin",
V0832,Qilin,,Qilin
V0835,"Hive, INC, Play",,"Hive, INC, Play"
V0836,Play,Play,
V0837,"Qilin, Royal",Qilin,Royal
V0841,Play,,Play
V0842,"Cactus, Maze, Royal",Royal,"Cactus, Maze"
V0843,Cl0p,Cl0p,
V0845,Play,Play,
V0846,Play,,Play
V0850,Play,,Play
V0851,Play,,Play
V0853,Qilin,,Qilin
V0856,Play,,Play
V0861,Play,Play,
V0862,Play,,Play
V0869,Play,,Play
V0870,"Hive, Play",Hive,Play
V0871,Play,,Play
V0872,Play,,Play
V0873,Play,,Play
V0876,Play,,Play
V0879,"Hive, Play",,"Hive, Play"
V0881,Hive,,Hive
V0890,Play,Play,
V0893,Play,,Play
V0894,Play,,Play
V0908,Qilin,Qilin,
V0910,Play,Play,
V0913,Play,Play,
V0916,Qilin,Qilin,
V0918,Play,,Play
V0920,Play,Play,
V0924,"Play, Qilin",,"Play, Qilin"
V0926,Play,Play,
V0934,Play,,Play
V0935,Play,,Play
V0936,Play,,Play
V0937,Cactus,Cactus,
V0938,"Cactus, Play",Cactus,Play
V0939,Play,,Play
V0941,"Cactus, Play","Cactus, Play",
V0943,Maze,Maze,
V0944,Play,,Play
V0945,"Cactus, Play, Qilin","Cactus, Play, Qilin",
V0946,Play,Play,
V0948,Play,Play,
V0949,Play,,Play
V0951,Play,,Play
V0956,Play,,Play
V0958,"Hive, Play",Hive,Play
V0961,Play,,Play
V0962,Play,,Play
V0965,Play,,Play
V0970,Cactus,Cactus,
V0971,Qilin,,Qilin
V0972,Play,Play,
V0973,Qilin,Qilin,
V0974,Qilin,,Qilin
V0977,"Cactus, Play",Play,Cactus
V0983,Play,Play,
V0984,Play,,Play
V0990,Play,,Play
V0992,Play,,Play
V0995,Play,,Play
V0996,Play,,Play
V0997,Play,,Play
V0998,Play,,Play
V0999,Play,Play,
V1001,"Play, Qilin",,"Play, Qilin"
V1002,"Play, Qilin",Play,Qilin
V1003,Play,,Play
V1004,Play,,Play
V1007,Play,,Play
V1010,Play,,Play
V1020,Play,,Play
V1021,Play,Play,
V1023,Play,,Play
V1025,Play,,Play
V1027,Play,,Play
V1028,Play,Play,
V1029,Play,,Play
V1034,Play,,Play
V1036,Play,Play,
V1037,"Cl0p, Hive, Play","Cl0p, Hive, Play",
V1038,Play,Play,
V1040,Medusa,Medusa,
V1043,Play,,Play
V1045,Play,,Play
V1053,Play,,Play
V1056,Medusa,Medusa,
V1057,Play,Play,
V1058,Play,,Play
V1061,Play,,Play
V1063,Play,,Play
V1066,"Maze, Play",Play,Maze
V1067,Play,,Play
V1068,"Cl0p, Play","Cl0p, Play",
V1075,Play,,Play
V1078,Play,,Play
V1082,INC,INC,
V1084,Cl0p,Cl0p,
V1085,Play,Play,
V1088,"Play, Qilin, Royal",Royal,"Play, Qilin"
V1090,Qilin,,Qilin
V1097,Qilin,,Qilin
V1098,Play,,Play
V1100,Play,,Play
V1103,Play,Play,
V1105,Play,,Play
V1111,Play,,Play
V1115,"Cl0p, Play",Cl0p,Play
V1120,Play,,Play
V1122,Play,,Play
V1124,Play,,Play
V1125,Play,,Play
V1126,"Play, Qilin",,"Play, Qilin"
V1130,Qilin,,Qilin
V1141,Play,,Play
